ID,Country,Fabric,Collection,Артикул,Tile_name,Hight,Widght,Thickness,Measurement,Surface,Structure,Rettification,Material,Tonal_Variety,Usage_of,Type_Tile,Color1,Color2,Color3,Theme1,Theme2,Theme3,Theme4
555942,Италия,Sartoria,Tsquare,TTTSW01G,First Snow,15,15,10,м²,глянец,0,0,керамика,3,стены,фон,белый,none,none,штукатурка,окраска,none,none
555943,Италия,Sartoria,Tsquare,TTTSW02G,Half Moon,15,15,10,м²,глянец,0,0,керамика,3,стены,фон,серый,none,none,штукатурка,окраска,none,none
555944,Италия,Sartoria,Tsquare,TTTSW03G,Pure Linen,15,15,10,м²,глянец,0,0,керамика,3,стены,фон,бежевый,none,none,штукатурка,окраска,none,none
555945,Италия,Sartoria,Tsquare,TTTSW04G,Pink Powder,15,15,10,м²,глянец,0,0,керамика,3,стены,фон,розовый,коричневый,none,штукатурка,окраска,none,none
555946,Италия,Sartoria,Tsquare,TTTSW05G,Cozy Nest,15,15,10,м²,глянец,0,0,керамика,3,стены,фон,серый,none,none,штукатурка,окраска,none,none
555947,Италия,Sartoria,Tsquare,TTTSW06G,Mint Tea,15,15,10,м²,глянец,0,0,керамика,3,стены,фон,зеленый,none,none,штукатурка,окраска,none,none
555948,Италия,Sartoria,Tsquare,TTTSW07G,Fresh Thyme,15,15,10,м²,глянец,0,0,керамика,3,стены,фон,серый,зеленый,none,штукатурка,окраска,none,none
555949,Италия,Sartoria,Tsquare,TTTSW08G,Royal Blue,15,15,10,м²,глянец,0,0,керамика,3,стены,фон,синий,none,none,штукатурка,окраска,none,none
555950,Италия,Sartoria,Tsquare,TTTSW09G,Rainy Day,15,15,10,м²,глянец,0,0,керамика,3,стены,фон,серый,none,none,штукатурка,окраска,none,none
555951,Италия,Sartoria,Tsquare,TTTSW10G,Starry Night,15,15,10,м²,глянец,0,0,керамика,3,стены,фон,черный,none,none,штукатурка,окраска,none,none
555952,Италия,Sartoria,Tsquare,TTTSW01P,Pencil First Snow,1.5,29.9,10,шт,глянец,0,0,керамика,3,стены,спецэлемент,белый,none,none,штукатурка,окраска,none,none
555953,Италия,Sartoria,Tsquare,TTTSW02P,Pencil Half Moon,1.5,29.9,10,шт,глянец,0,0,керамика,3,стены,спецэлемент,серый,none,none,штукатурка,окраска,none,none
555954,Италия,Sartoria,Tsquare,TTTSW03P,Pencil Pure Linen,1.5,29.9,10,шт,глянец,0,0,керамика,3,стены,спецэлемент,бежевый,none,none,штукатурка,окраска,none,none
555955,Италия,Sartoria,Tsquare,TTTSW04P,Pencil Pink Powder,1.5,29.9,10,шт,глянец,0,0,керамика,3,стены,спецэлемент,розовый,коричневый,none,штукатурка,окраска,none,none
555956,Италия,Sartoria,Tsquare,TTTSW05P,Pencil Cozy Nest,1.5,29.9,10,шт,глянец,0,0,керамика,3,стены,спецэлемент,серый,none,none,штукатурка,окраска,none,none
555957,Италия,Sartoria,Tsquare,TTTSW06P,Pencil Mint Tea,1.5,29.9,10,шт,глянец,0,0,керамика,3,стены,спецэлемент,зеленый,none,none,штукатурка,окраска,none,none
555958,Италия,Sartoria,Tsquare,TTTSW07P,Pencil Fresh Thyme,1.5,29.9,10,шт,глянец,0,0,керамика,3,стены,спецэлемент,серый,зеленый,none,штукатурка,окраска,none,none
555959,Италия,Sartoria,Tsquare,TTTSW08P,Pencil Royal Blue,1.5,29.9,10,шт,глянец,0,0,керамика,3,стены,спецэлемент,синий,none,none,штукатурка,окраска,none,none
555960,Италия,Sartoria,Tsquare,TTTSW09P,Pencil Rainy Day,1.5,29.9,10,шт,глянец,0,0,керамика,3,стены,спецэлемент,серый,none,none,штукатурка,окраска,none,none
555961,Италия,Sartoria,Tsquare,TTTSW10P,Pencil Starry Night,1.5,29.9,10,шт,глянец,0,0,керамика,3,стены,спецэлемент,черный,none,none,штукатурка,окраска,none,none
555962,Италия,Sartoria,Tsquare,TTTSW01Q,Quarter Round First Snow,1.3,29.9,10,шт,глянец,0,0,керамика,3,стены,бордюр,белый,none,none,штукатурка,окраска,none,none
555963,Италия,Sartoria,Tsquare,TTTSW02Q,Quarter Round Half Moon,1.3,29.9,10,шт,глянец,0,0,керамика,3,стены,бордюр,серый,none,none,штукатурка,окраска,none,none
555964,Италия,Sartoria,Tsquare,TTTSW03Q,Quarter Round Pure Linen,1.3,29.9,10,шт,глянец,0,0,керамика,3,стены,бордюр,бежевый,none,none,штукатурка,окраска,none,none
555965,Италия,Sartoria,Tsquare,TTTSW04Q,Quarter Round Pink Powder,1.3,29.9,10,шт,глянец,0,0,керамика,3,стены,бордюр,розовый,коричневый,none,штукатурка,окраска,none,none
555966,Италия,Sartoria,Tsquare,TTTSW05Q,Quarter Round Cozy Nest,1.3,29.9,10,шт,глянец,0,0,керамика,3,стены,бордюр,серый,none,none,штукатурка,окраска,none,none
555967,Италия,Sartoria,Tsquare,TTTSW06Q,Quarter Round Mint Tea,1.3,29.9,10,шт,глянец,0,0,керамика,3,стены,бордюр,зеленый,none,none,штукатурка,окраска,none,none
555968,Италия,Sartoria,Tsquare,TTTSW07Q,Quarter Round Fresh Thyme,1.3,29.9,10,шт,глянец,0,0,керамика,3,стены,бордюр,серый,зеленый,none,штукатурка,окраска,none,none
555969,Италия,Sartoria,Tsquare,TTTSW08Q,Quarter Round Royal Blue,1.3,29.9,10,шт,глянец,0,0,керамика,3,стены,бордюр,синий,none,none,штукатурка,окраска,none,none
555970,Италия,Sartoria,Tsquare,TTTSW09Q,Quarter Round Rainy Day,1.3,29.9,10,шт,глянец,0,0,керамика,3,стены,бордюр,серый,none,none,штукатурка,окраска,none,none
555971,Италия,Sartoria,Tsquare,TTTSW10Q,Quarter Round Starry Night,1.3,29.9,10,шт,глянец,0,0,керамика,3,стены,бордюр,черный,none,none,штукатурка,окраска,none,none
555972,Италия,Sartoria,Tsquare,TTTS0120N,Blanc,20,20,10,м²,матовая,0,0,керамогранит,3,универсальная,фон,белый,серый,none,штукатурка,окраска,none,none
555973,Италия,Sartoria,Tsquare,TTTS0220N,Smoke,20,20,10,м²,матовая,0,0,керамогранит,3,универсальная,фон,серый,none,none,штукатурка,окраска,none,none
555974,Италия,Sartoria,Tsquare,TTTS0320N,Moss,20,20,10,м²,матовая,0,0,керамогранит,3,универсальная,фон,серый,синий,none,штукатурка,окраска,none,none
555975,Италия,Sartoria,Tsquare,TTTS0420N,Noir,20,20,10,м²,матовая,0,0,керамогранит,3,универсальная,фон,черный,none,none,штукатурка,окраска,none,none
555976,Италия,Sartoria,Tsquare,TTTS0120EN,Blanc Epoque,20,20,10,м²,матовая,0,0,керамогранит,3,универсальная,декор,белый,серый,none,штукатурка,окраска,геометрия,none
555977,Италия,Sartoria,Tsquare,TTTS0220EN,Smoke Epoque,20,20,10,м²,матовая,0,0,керамогранит,3,универсальная,декор,серый,none,none,штукатурка,окраска,геометрия,none
555978,Италия,Sartoria,Tsquare,TTTS0320EN,Moss Epoque,20,20,10,м²,матовая,0,0,керамогранит,3,универсальная,декор,серый,синий,none,штукатурка,окраска,геометрия,none
555979,Италия,Sartoria,Tsquare,TTTS0420EN,Noir Epoque,20,20,10,м²,матовая,0,0,керамогранит,3,универсальная,декор,черный,none,none,штукатурка,окраска,геометрия,none
555980,Италия,Sartoria,Tsquare,TTTSM01N,Mosaic First Snow,31.6,31.6,5,шт,матовая,1,0,керамогранит,3,универсальная,мозаика,белый,none,none,штукатурка,окраска,геометрия,none
555981,Италия,Sartoria,Tsquare,TTTSM07N,Mosaic Fresh Thyme,31.6,31.6,5,шт,матовая,1,0,керамогранит,3,универсальная,мозаика,зеленый,none,none,штукатурка,окраска,геометрия,none
555982,Италия,Sartoria,Tsquare,TTTSM08N,Mosaic Royal Blue,31.6,31.6,5,шт,матовая,1,0,керамогранит,3,универсальная,мозаика,синий,none,none,штукатурка,окраска,геометрия,none
555983,Италия,Sartoria,Tsquare,TTTSM09N,Mosaic Rainy Day,31.6,31.6,5,шт,матовая,1,0,керамогранит,3,универсальная,мозаика,серый,none,none,штукатурка,окраска,геометрия,none
555984,Италия,Sartoria,Tsquare,TTTSM10N,Mosaic Starry Night,31.6,31.6,5,шт,матовая,1,0,керамогранит,3,универсальная,мозаика,черный,none,none,штукатурка,окраска,геометрия,none
555985,Италия,Sartoria,Polveri,SAPO0115N,Lace,15,15,8.5,м²,матовая,0,0,керамогранит,2,универсальная,фон,белый,none,none,штукатурка,окраска,none,none
555986,Италия,Sartoria,Polveri,SAPO0215N,Almond,15,15,8.5,м²,матовая,0,0,керамогранит,2,универсальная,фон,бежевый,коричневый,none,штукатурка,окраска,none,none
555987,Италия,Sartoria,Polveri,SAPO0315N,Shell,15,15,8.5,м²,матовая,0,0,керамогранит,2,универсальная,фон,серый,none,none,штукатурка,окраска,none,none
555988,Италия,Sartoria,Polveri,SAPO0415N,Coal,15,15,8.5,м²,матовая,0,0,керамогранит,2,универсальная,фон,серый,none,none,штукатурка,окраска,none,none
555989,Италия,Sartoria,Polveri,SAPOW0152G,Lace Wall,5,25,6,м²,глянец,0,0,керамика,2,стены,фон,белый,none,none,штукатурка,окраска,кирпичик,none
555990,Италия,Sartoria,Polveri,SAPOW0252G,Almond Wall,5,25,6,м²,глянец,0,0,керамика,2,стены,фон,бежевый,none,none,штукатурка,окраска,кирпичик,none
555991,Италия,Sartoria,Polveri,SAPOW0352G,Shell Wall,5,25,6,м²,глянец,0,0,керамика,2,стены,фон,серый,none,none,штукатурка,окраска,кирпичик,none
555992,Италия,Sartoria,Polveri,SAPOW0452G,Coal Wall,5,25,6,м²,глянец,0,0,керамика,2,стены,фон,серый,none,none,штукатурка,окраска,кирпичик,none
555993,Италия,Sartoria,Vernici,SAVE0152G,White Xmas,5,25,10,м²,глянец,0,0,керамика,2,стены,фон,белый,none,none,штукатурка,окраска,none,кирпичик
555994,Италия,Sartoria,Vernici,SAVE0252G,Early Morning,5,25,10,м²,глянец,0,0,керамика,2,стены,фон,серый,none,none,штукатурка,окраска,none,кирпичик
555995,Италия,Sartoria,Vernici,SAVE0352G,Heavy Storm,5,25,10,м²,глянец,0,0,керамика,2,стены,фон,серый,none,none,штукатурка,окраска,none,кирпичик
555996,Италия,Sartoria,Vernici,SAVE0452G,Hot Mocha,5,25,10,м²,глянец,0,0,керамика,2,стены,фон,коричневый,none,none,штукатурка,окраска,none,кирпичик
555997,Италия,Sartoria,Vernici,SAVE0552G,Dark Sky,5,25,10,м²,глянец,0,0,керамика,2,стены,фон,черный,none,none,штукатурка,окраска,none,кирпичик
555998,Италия,Sartoria,Vernici,SAVE0652G,Mustard Mayo,5,25,10,м²,глянец,0,0,керамика,2,стены,фон,желтый,none,none,штукатурка,окраска,none,кирпичик
555999,Италия,Sartoria,Vernici,SAVE0752G,Cloudy Azure,5,25,10,м²,глянец,0,0,керамика,2,стены,фон,серый,none,none,штукатурка,окраска,none,кирпичик
556000,Италия,Sartoria,Vernici,SAVE0852G,Salty Harbor,5,25,10,м²,глянец,0,0,керамика,2,стены,фон,синий,none,none,штукатурка,окраска,none,кирпичик
556001,Италия,Sartoria,Vernici,SAVE0952G,Posh Blue,5,25,10,м²,глянец,0,0,керамика,2,стены,фон,синий,none,none,штукатурка,окраска,none,кирпичик
556002,Италия,Sartoria,Vernici,SAVE1052G,Summer Vibes,5,25,10,м²,глянец,0,0,керамика,2,стены,фон,зеленый,none,none,штукатурка,окраска,none,кирпичик
556003,Италия,Sartoria,Vernici,SAVE1152G,Jungle Jam,5,25,10,м²,глянец,0,0,керамика,2,стены,фон,зеленый,none,none,штукатурка,окраска,none,кирпичик
556004,Италия,Sartoria,Vernici,SAVE1252G,Baby Pink,5,25,10,м²,глянец,0,0,керамика,2,стены,фон,розовый,none,none,штукатурка,окраска,none,кирпичик
556005,Италия,Sartoria,Vernici,SAVE1352G,Berry Daiquiri,5,25,10,м²,глянец,0,0,керамика,2,стены,фон,розовый,красный,none,штукатурка,окраска,none,кирпичик
556006,Италия,Sartoria,Vernici,SAVE1452G,Shine On,5,25,10,м²,глянец,0,0,керамика,2,стены,фон,серый,серебро,none,штукатурка,окраска,металл,кирпичик
556007,Италия,Sartoria,Vernici,SAVE01Q,Quarter Round White Xmas,1.3,25,10,шт,глянец,0,0,керамика,2,стены,бордюр,белый,none,none,штукатурка,окраска,none,none
556008,Италия,Sartoria,Vernici,SAVE02Q,Quarter Round Early Morning,1.3,25,10,шт,глянец,0,0,керамика,2,стены,бордюр,серый,none,none,штукатурка,окраска,none,none
556009,Италия,Sartoria,Vernici,SAVE03Q,Quarter Round Heavy Storm,1.3,25,10,шт,глянец,0,0,керамика,2,стены,бордюр,серый,none,none,штукатурка,окраска,none,none
556010,Италия,Sartoria,Vernici,SAVE04Q,Quarter Round Hot Mocha,1.3,25,10,шт,глянец,0,0,керамика,2,стены,бордюр,коричневый,none,none,штукатурка,окраска,none,none
556011,Италия,Sartoria,Vernici,SAVE05Q,Quarter Round Dark Sky,1.3,25,10,шт,глянец,0,0,керамика,2,стены,бордюр,черный,none,none,штукатурка,окраска,none,none
556012,Италия,Sartoria,Vernici,SAVE06Q,Quarter Round Mustard Mayo,1.3,25,10,шт,глянец,0,0,керамика,2,стены,бордюр,желтый,none,none,штукатурка,окраска,none,none
556013,Италия,Sartoria,Vernici,SAVE07Q,Quarter Round Cloudy Azure,1.3,25,10,шт,глянец,0,0,керамика,2,стены,бордюр,серый,none,none,штукатурка,окраска,none,none
556014,Италия,Sartoria,Vernici,SAVE08Q,Quarter Round Salty Harbor,1.3,25,10,шт,глянец,0,0,керамика,2,стены,бордюр,синий,none,none,штукатурка,окраска,none,none
556015,Италия,Sartoria,Vernici,SAVE09Q,Quarter Round Posh Blue,1.3,25,10,шт,глянец,0,0,керамика,2,стены,бордюр,синий,none,none,штукатурка,окраска,none,none
556016,Италия,Sartoria,Vernici,SAVE10Q,Quarter Round Summer Vibes,1.3,25,10,шт,глянец,0,0,керамика,2,стены,бордюр,зеленый,none,none,штукатурка,окраска,none,none
556017,Италия,Sartoria,Vernici,SAVE11Q,Quarter Round Jungle Jam,1.3,25,10,шт,глянец,0,0,керамика,2,стены,бордюр,зеленый,none,none,штукатурка,окраска,none,none
556018,Италия,Sartoria,Vernici,SAVE12Q,Quarter Round Baby Pink,1.3,25,10,шт,глянец,0,0,керамика,2,стены,бордюр,розовый,none,none,штукатурка,окраска,none,none
556019,Италия,Sartoria,Vernici,SAVE13Q,Quarter Round Berry Daiquiri,1.3,25,10,шт,глянец,0,0,керамика,2,стены,бордюр,розовый,красный,none,штукатурка,окраска,none,none
556020,Италия,Sartoria,Vernici,SAVE14Q,Quarter Round Shine On,1.3,25,10,шт,глянец,0,0,керамика,2,стены,бордюр,серый,серебро,none,штукатурка,окраска,металл,none
556021,Италия,Sartoria,Romanza,SARO0120N,Alice,20.5,20.5,10,м²,матовая,0,0,керамогранит,1,универсальная,декор,белый,коричневый,none,штукатурка,окраска,геометрия,классика
556022,Италия,Sartoria,Romanza,SARO0220N,Ariel,20.5,20.5,10,м²,матовая,0,0,керамогранит,1,универсальная,декор,белый,коричневый,none,штукатурка,окраска,геометрия,none
556023,Италия,Sartoria,Romanza,SARO0320N,Belle,20.5,20.5,10,м²,матовая,0,0,керамогранит,1,универсальная,декор,белый,коричневый,none,штукатурка,окраска,геометрия,none
556024,Италия,Sartoria,Romanza,SARO0420N,Cinderella,20.5,20.5,10,м²,матовая,0,0,керамогранит,1,универсальная,декор,синий,коричневый,none,штукатурка,окраска,геометрия,none
556025,Италия,Sartoria,Romanza,SARO0520N,Dorothy,20.5,20.5,10,м²,матовая,0,0,керамогранит,1,универсальная,декор,серый,белый,коричневый,штукатурка,окраска,геометрия,none
556026,Италия,Sartoria,Romanza,SARO0620N,Gulliver,20.5,20.5,10,м²,матовая,0,0,керамогранит,1,универсальная,декор,серый,none,none,штукатурка,окраска,геометрия,none
556027,Италия,Sartoria,Romanza,SARO0720N,Peterpan,20.5,20.5,10,м²,матовая,0,0,керамогранит,1,универсальная,декор,серый,синий,коричневый,штукатурка,окраска,геометрия,метлахская
556028,Италия,Sartoria,Romanza,SARO0820N,Pinocchio,20.5,20.5,10,м²,матовая,0,0,керамогранит,1,универсальная,декор,белый,коричневый,серый,штукатурка,окраска,геометрия,none
556029,Италия,Sartoria,Artigiana,SAARCO01G,Le Conchiglie 01 Bianco,15,15.5,16,м²,глянец,1,0,керамика,2,стены,декор,белый,none,none,штукатурка,окраска,геометрия,3D
556030,Италия,Sartoria,Artigiana,SAARCO02G,Le Conchiglie 02 Rosa,15,15.5,16,м²,глянец,1,0,керамика,2,стены,декор,розовый,none,none,штукатурка,окраска,геометрия,3D
556031,Италия,Sartoria,Artigiana,SAARCO03G,Le Conchiglie 03 Porpora,15,15.5,16,м²,глянец,1,0,керамика,2,стены,декор,красный,none,none,штукатурка,окраска,геометрия,3D
556032,Италия,Sartoria,Artigiana,SAARCO04G,Le Conchiglie 04 Ceruleo,15,15.5,16,м²,глянец,1,0,керамика,2,стены,декор,голубой,серый,none,штукатурка,окраска,геометрия,3D
556033,Италия,Sartoria,Artigiana,SAARCO05G,Le Conchiglie 05 Blu,15,15.5,16,м²,глянец,1,0,керамика,2,стены,декор,синий,none,none,штукатурка,окраска,геометрия,3D
556034,Италия,Sartoria,Artigiana,SAARCO06G,Le Conchiglie 06 Petrolio,15,15.5,16,м²,глянец,1,0,керамика,2,стены,декор,зеленый,none,none,штукатурка,окраска,геометрия,3D
556035,Италия,Sartoria,Artigiana,SAARCO07G,Le Conchiglie 07 Perla,15,15.5,16,м²,глянец,1,0,керамика,2,стены,декор,серый,none,none,штукатурка,окраска,геометрия,3D
556036,Италия,Sartoria,Artigiana,SAARCO08G,Le Conchiglie 08 Fumo,15,15.5,16,м²,глянец,1,0,керамика,2,стены,декор,серый,none,none,штукатурка,окраска,геометрия,3D
556037,Италия,Sartoria,Artigiana,SAARCO09G,Le Conchiglie 09 Antracite,15,15.5,16,м²,глянец,1,0,керамика,2,стены,декор,серый,none,none,штукатурка,окраска,геометрия,3D
556038,Италия,Sartoria,Artigiana,SAARCO10G,Le Conchiglie 10 Nero,15,15.5,16,м²,глянец,1,0,керамика,2,стены,декор,черный,none,none,штукатурка,окраска,геометрия,3D
556039,Италия,Sartoria,Artigiana,SAARBR01G,I Bricchi 01 Bianco,11,5.5,10.5,м²,глянец,1,0,керамика,2,стены,фон,белый,none,none,штукатурка,окраска,кирпичик,none
556040,Италия,Sartoria,Artigiana,SAARBR02G,I Bricchi 02 Rosa,11,5.5,10.5,м²,глянец,1,0,керамика,2,стены,фон,розовый,none,none,штукатурка,окраска,кирпичик,none
556041,Италия,Sartoria,Artigiana,SAARBR03G,I Bricchi 03 Porpora,11,5.5,10.5,м²,глянец,1,0,керамика,2,стены,фон,красный,none,none,штукатурка,окраска,кирпичик,none
556042,Италия,Sartoria,Artigiana,SAARBR04G,I Bricchi 04 Ceruleo,11,5.5,10.5,м²,глянец,1,0,керамика,2,стены,фон,голубой,серый,none,штукатурка,окраска,кирпичик,none
556043,Италия,Sartoria,Artigiana,SAARBR05G,I Bricchi 05 Blu,11,5.5,10.5,м²,глянец,1,0,керамика,2,стены,фон,синий,none,none,штукатурка,окраска,кирпичик,none
556044,Италия,Sartoria,Artigiana,SAARBR06G,I Bricchi 06 Petrolio,11,5.5,10.5,м²,глянец,1,0,керамика,2,стены,фон,зеленый,none,none,штукатурка,окраска,кирпичик,none
556045,Италия,Sartoria,Artigiana,SAARBR07G,I Bricchi 07 Perla,11,5.5,10.5,м²,глянец,1,0,керамика,2,стены,фон,серый,none,none,штукатурка,окраска,кирпичик,none
556046,Италия,Sartoria,Artigiana,SAARBR08G,I Bricchi 08 Fumo,11,5.5,10.5,м²,глянец,1,0,керамика,2,стены,фон,серый,none,none,штукатурка,окраска,кирпичик,none
556047,Италия,Sartoria,Artigiana,SAARBR09G,I Bricchi 09 Antracite,11,5.5,10.5,м²,глянец,1,0,керамика,2,стены,фон,серый,none,none,штукатурка,окраска,кирпичик,none
556048,Италия,Sartoria,Artigiana,SAARBR10G,I Bricchi 10 Nero,11,5.5,10.5,м²,глянец,1,0,керамика,2,стены,фон,черный,none,none,штукатурка,окраска,кирпичик,none
556049,Италия,Sartoria,Artigiana,SAARQU01G,I Quadrati 01 Bianco,11,11,10.5,м²,глянец,1,0,керамика,2,стены,фон,белый,none,none,штукатурка,окраска,none,none
556050,Италия,Sartoria,Artigiana,SAARQU02G,I Quadrati 02 Rosa,11,11,10.5,м²,глянец,1,0,керамика,2,стены,фон,розовый,none,none,штукатурка,окраска,none,none
556051,Италия,Sartoria,Artigiana,SAARQU03G,I Quadrati 03 Porpora,11,11,10.5,м²,глянец,1,0,керамика,2,стены,фон,красный,none,none,штукатурка,окраска,none,none
556052,Италия,Sartoria,Artigiana,SAARQU04G,I Quadrati 04 Ceruleo,11,11,10.5,м²,глянец,1,0,керамика,2,стены,фон,голубой,серый,none,штукатурка,окраска,none,none
556053,Италия,Sartoria,Artigiana,SAARQU05G,I Quadrati 05 Blu,11,11,10.5,м²,глянец,1,0,керамика,2,стены,фон,синий,none,none,штукатурка,окраска,none,none
556054,Италия,Sartoria,Artigiana,SAARQU06G,I Quadrati 06 Petrolio,11,11,10.5,м²,глянец,1,0,керамика,2,стены,фон,зеленый,none,none,штукатурка,окраска,none,none
556055,Италия,Sartoria,Artigiana,SAARQU07G,I Quadrati 07 Perla,11,11,10.5,м²,глянец,1,0,керамика,2,стены,фон,серый,none,none,штукатурка,окраска,none,none
556056,Италия,Sartoria,Artigiana,SAARQU08G,I Quadrati 08 Fumo,11,11,10.5,м²,глянец,1,0,керамика,2,стены,фон,серый,none,none,штукатурка,окраска,none,none
556057,Италия,Sartoria,Artigiana,SAARQU09G,I Quadrati 09 Antracite,11,11,10.5,м²,глянец,1,0,керамика,2,стены,фон,серый,none,none,штукатурка,окраска,none,none
556058,Италия,Sartoria,Artigiana,SAARQU10G,I Quadrati 10 Nero,11,11,10.5,м²,глянец,1,0,керамика,2,стены,фон,черный,none,none,штукатурка,окраска,none,none
556059,Италия,Sartoria,Artigiana,SAARES01N,Le Esagone 01 Bianco,12.1,14,14,м²,матовая,0,0,керамогранит,2,универсальная,фон,белый,none,none,штукатурка,окраска,шестигранник,none
556060,Италия,Sartoria,Artigiana,SAARES04N,Le Esagone 04 Ceruleo,12.1,14,14,м²,матовая,0,0,керамогранит,2,универсальная,фон,голубой,серый,none,штукатурка,окраска,шестигранник,none
556061,Италия,Sartoria,Artigiana,SAARES07N,Le Esagone 07 Perla,12.1,14,14,м²,матовая,0,0,керамогранит,2,универсальная,фон,серый,none,none,штукатурка,окраска,шестигранник,none
556062,Италия,Sartoria,Artigiana,SAARES10N,Le Esagone 10 Nero,12.1,14,14,м²,матовая,0,0,керамогранит,2,универсальная,фон,черный,none,none,штукатурка,окраска,шестигранник,none
556063,Италия,Sartoria,Artigiana,SAARES11N,Le Esagone 11 Mattone,12.1,14,14,м²,матовая,0,0,керамогранит,2,универсальная,фон,коричневый,none,none,штукатурка,окраска,шестигранник,none
556064,Италия,Sartoria,Fattamano,SAARFA12N,Ochra Matt,7.5,38,10,м²,матовая,0,0,керамогранит,2,универсальная,фон,желтый,none,none,штукатурка,окраска,кирпичик,none
556065,Италия,Sartoria,Fattamano,SAARFA13N,Pine Matt,7.5,38,10,м²,матовая,0,0,керамогранит,2,универсальная,фон,зеленый,none,none,штукатурка,окраска,кирпичик,none
556066,Италия,Sartoria,Fattamano,SAARFA14N,Maroon Matt,7.5,38,10,м²,матовая,0,0,керамогранит,2,универсальная,фон,красный,none,none,штукатурка,окраска,кирпичик,none
556067,Италия,Sartoria,Fattamano,SAARFA15N,Dusty Rose Matt,7.5,38,10,м²,матовая,0,0,керамогранит,2,универсальная,фон,розовый,none,none,штукатурка,окраска,кирпичик,none
556068,Италия,Sartoria,Fattamano,SAARFA16N,White Matt,7.5,38,10,м²,матовая,0,0,керамогранит,2,универсальная,фон,белый,none,none,штукатурка,окраска,кирпичик,none
556069,Италия,Sartoria,Fattamano,SAARFA17N,Night Matt,7.5,38,10,м²,матовая,0,0,керамогранит,2,универсальная,фон,черный,none,none,штукатурка,окраска,кирпичик,none
556070,Италия,Sartoria,Fattamano,SAARFA18N,Indigo Matt,7.5,38,10,м²,матовая,0,0,керамогранит,2,универсальная,фон,синий,none,none,штукатурка,окраска,кирпичик,none
556071,Италия,Sartoria,Fattamano,SAARFA19N,Harbour Grey Matt,7.5,38,10,м²,матовая,0,0,керамогранит,2,универсальная,фон,серый,белый,none,штукатурка,окраска,кирпичик,none
556072,Италия,Sartoria,Fattamano,SAARFA20N,Smoke Matt,7.5,38,10,м²,матовая,0,0,керамогранит,2,универсальная,фон,серый,none,none,штукатурка,окраска,кирпичик,none
556073,Италия,Sartoria,Fattamano,SAARFA21N,Sage Matt,7.5,38,10,м²,матовая,0,0,керамогранит,2,универсальная,фон,зеленый,none,none,штукатурка,окраска,кирпичик,none
556074,Италия,Sartoria,Fattamano,SAARFA12G,Ochra Glossy,7.5,38,10,м²,глянец,0,0,керамогранит,2,универсальная,фон,желтый,none,none,штукатурка,окраска,кирпичик,none
556075,Италия,Sartoria,Fattamano,SAARFA13G,Pine Glossy,7.5,38,10,м²,глянец,0,0,керамогранит,2,универсальная,фон,зеленый,none,none,штукатурка,окраска,кирпичик,none
556076,Италия,Sartoria,Fattamano,SAARFA14G,Maroon Glossy,7.5,38,10,м²,глянец,0,0,керамогранит,2,универсальная,фон,красный,none,none,штукатурка,окраска,кирпичик,none
556077,Италия,Sartoria,Fattamano,SAARFA15G,Dusty Rose Glossy,7.5,38,10,м²,глянец,0,0,керамогранит,2,универсальная,фон,розовый,none,none,штукатурка,окраска,кирпичик,none
556078,Италия,Sartoria,Fattamano,SAARFA16G,White Glossy,7.5,38,10,м²,глянец,0,0,керамогранит,2,универсальная,фон,белый,none,none,штукатурка,окраска,кирпичик,none
556079,Италия,Sartoria,Fattamano,SAARFA17G,Night Glossy,7.5,38,10,м²,глянец,0,0,керамогранит,2,универсальная,фон,черный,none,none,штукатурка,окраска,кирпичик,none
556080,Италия,Sartoria,Fattamano,SAARFA18G,Indigo Glossy,7.5,38,10,м²,глянец,0,0,керамогранит,2,универсальная,фон,синий,none,none,штукатурка,окраска,кирпичик,none
556081,Италия,Sartoria,Fattamano,SAARFA19G,Harbour Grey Glossy,7.5,38,10,м²,глянец,0,0,керамогранит,2,универсальная,фон,серый,белый,none,штукатурка,окраска,кирпичик,none
556082,Италия,Sartoria,Fattamano,SAARFA20G,Smoke Glossy,7.5,38,10,м²,глянец,0,0,керамогранит,2,универсальная,фон,серый,none,none,штукатурка,окраска,кирпичик,none
556083,Италия,Sartoria,Fattamano,SAARFA21G,Sage Glossy,7.5,38,10,м²,глянец,0,0,керамогранит,2,универсальная,фон,зеленый,none,none,штукатурка,окраска,кирпичик,none
556084,Италия,Sartoria,Fattamano,SAARFA22N,Base White Matt,7.5,38,10,м²,матовая,0,0,керамогранит,2,универсальная,фон,белый,none,none,штукатурка,камень,кирпичик,none
556085,Италия,Sartoria,Fattamano,SAARFA23N,Base Sand Matt,7.5,38,10,м²,матовая,0,0,керамогранит,2,универсальная,фон,коричневый,бежевый,none,штукатурка,камень,кирпичик,none
556086,Италия,Sartoria,Fattamano,SAARFA24N,Base Grey Matt,7.5,38,10,м²,матовая,0,0,керамогранит,2,универсальная,фон,серый,none,none,штукатурка,камень,кирпичик,none
556087,Италия,Sartoria,Fattamano,SAARFA25N,Base Mud Matt,7.5,38,10,м²,матовая,0,0,керамогранит,2,универсальная,фон,коричневый,none,none,штукатурка,камень,кирпичик,none
556088,Италия,Sartoria,Fattamano,SAARFA26N,Base Black Matt,7.5,38,10,м²,матовая,0,0,керамогранит,2,универсальная,фон,серый,none,none,штукатурка,камень,кирпичик,none
556099,Италия,Sartoria,Fattamano,SAARFA37N,Listel Ochra Matt,5,31.5,18,шт,матовая,0,0,керамика,2,стены,бордюр,желтый,none,none,штукатурка,окраска,none,none
556100,Италия,Sartoria,Fattamano,SAARFA38N,Listel Pine Matt,5,31.5,18,шт,матовая,0,0,керамика,2,стены,бордюр,зеленый,none,none,штукатурка,окраска,none,none
556101,Италия,Sartoria,Fattamano,SAARFA39N,Listel Maroon Matt,5,31.5,18,шт,матовая,0,0,керамика,2,стены,бордюр,красный,none,none,штукатурка,окраска,none,none
556102,Италия,Sartoria,Fattamano,SAARFA40N,Listel Dusty Rose Matt,5,31.5,18,шт,матовая,0,0,керамика,2,стены,бордюр,розовый,none,none,штукатурка,окраска,none,none
556103,Италия,Sartoria,Fattamano,SAARFA41N,Listel White Matt,5,31.5,18,шт,матовая,0,0,керамика,2,стены,бордюр,белый,none,none,штукатурка,окраска,none,none
556104,Италия,Sartoria,Fattamano,SAARFA42N,Listel Night Matt,5,31.5,18,шт,матовая,0,0,керамика,2,стены,бордюр,черный,none,none,штукатурка,окраска,none,none
556105,Италия,Sartoria,Fattamano,SAARFA43N,Listel Indigo Matt,5,31.5,18,шт,матовая,0,0,керамика,2,стены,бордюр,синий,none,none,штукатурка,окраска,none,none
556106,Италия,Sartoria,Fattamano,SAARFA44N,Listel Harbour Grey Matt,5,31.5,18,шт,матовая,0,0,керамика,2,стены,бордюр,серый,белый,none,штукатурка,окраска,none,none
556107,Италия,Sartoria,Fattamano,SAARFA45N,Listel Smoke Matt,5,31.5,18,шт,матовая,0,0,керамика,2,стены,бордюр,серый,none,none,штукатурка,окраска,none,none
556108,Италия,Sartoria,Fattamano,SAARFA46N,Listel Sage Matt,5,31.5,18,шт,матовая,0,0,керамика,2,стены,бордюр,зеленый,none,none,штукатурка,окраска,none,none
556109,Италия,Sartoria,Fattamano,SAARFA37G,Listel Ochra Glossy,5,31.5,18,шт,глянец,0,0,керамика,2,стены,бордюр,желтый,none,none,штукатурка,окраска,none,none
556110,Италия,Sartoria,Fattamano,SAARFA38G,Listel Pine Glossy,5,31.5,18,шт,глянец,0,0,керамика,2,стены,бордюр,зеленый,none,none,штукатурка,окраска,none,none
556111,Италия,Sartoria,Fattamano,SAARFA39G,Listel Maroon Glossy,5,31.5,18,шт,глянец,0,0,керамика,2,стены,бордюр,красный,none,none,штукатурка,окраска,none,none
556112,Италия,Sartoria,Fattamano,SAARFA40G,Listel Dusty Rose Glossy,5,31.5,18,шт,глянец,0,0,керамика,2,стены,бордюр,розовый,none,none,штукатурка,окраска,none,none
556113,Италия,Sartoria,Fattamano,SAARFA41G,Listel White Glossy,5,31.5,18,шт,глянец,0,0,керамика,2,стены,бордюр,белый,none,none,штукатурка,окраска,none,none
556114,Италия,Sartoria,Fattamano,SAARFA42G,Listel Night Glossy,5,31.5,18,шт,глянец,0,0,керамика,2,стены,бордюр,черный,none,none,штукатурка,окраска,none,none
556115,Италия,Sartoria,Fattamano,SAARFA43G,Listel Indigo Glossy,5,31.5,18,шт,глянец,0,0,керамика,2,стены,бордюр,синий,none,none,штукатурка,окраска,none,none
556116,Италия,Sartoria,Fattamano,SAARFA44G,Listel Harbour Grey Glossy,5,31.5,18,шт,глянец,0,0,керамика,2,стены,бордюр,серый,белый,none,штукатурка,окраска,none,none
556117,Италия,Sartoria,Fattamano,SAARFA45G,Listel Smoke Glossy,5,31.5,18,шт,глянец,0,0,керамика,2,стены,бордюр,серый,none,none,штукатурка,окраска,none,none
556118,Италия,Sartoria,Fattamano,SAARFA46G,Listel Sage Glossy,5,31.5,18,шт,глянец,0,0,керамика,2,стены,бордюр,зеленый,none,none,штукатурка,окраска,none,none
556119,Италия,Sartoria,Split And Fornace,SAARFO01N,Fornace Milk,6,30,18,м²,матовая,0,0,керамика,1,универсальная,фон,белый,none,none,штукатурка,окраска,кирпичик,none
556120,Италия,Sartoria,Split And Fornace,SAARFO02N,Fornace Concrete,6,30,18,м²,матовая,0,0,керамика,1,универсальная,фон,бежевый,none,none,штукатурка,окраска,кирпичик,none
556121,Италия,Sartoria,Split And Fornace,SAARFO03N,Fornace Peach Dust,6,30,18,м²,матовая,0,0,керамика,1,универсальная,фон,розовый,none,none,штукатурка,окраска,кирпичик,none
556122,Италия,Sartoria,Split And Fornace,SAARFO04N,Fornace Red Brick,6,30,18,м²,матовая,0,0,керамика,1,универсальная,фон,красный,none,none,штукатурка,окраска,кирпичик,none
556123,Италия,Sartoria,Split And Fornace,SAARFO05N,Fornace Lava Smoke,6,30,18,м²,матовая,0,0,керамика,1,универсальная,фон,серый,none,none,штукатурка,окраска,кирпичик,none
556124,Италия,Sartoria,Split And Fornace,SAARFO06N,Fornace Blue Velvet,6,30,18,м²,матовая,0,0,керамика,1,универсальная,фон,синий,none,none,штукатурка,окраска,кирпичик,none
556125,Италия,Sartoria,Split And Fornace,SAARFO07N,Fornace Peacock,6,30,18,м²,матовая,0,0,керамика,1,универсальная,фон,синий,none,none,штукатурка,окраска,кирпичик,none
556126,Италия,Sartoria,Split And Fornace,SAARFO08N,Fornace Evergreeen,6,30,18,м²,матовая,0,0,керамика,1,универсальная,фон,зеленый,none,none,штукатурка,окраска,кирпичик,none
556127,Италия,Sartoria,Split And Fornace,SASPLO01N,Split Loop Milk Matt,12,23.8,100,шт,матовая,1,0,керамика,1,стены,декор,белый,none,none,штукатурка,окраска,геометрия,3D
556128,Италия,Sartoria,Split And Fornace,SASPLO02N,Split Loop Concrete Matt,12,23.8,100,шт,матовая,1,0,керамика,1,стены,декор,бежевый,none,none,штукатурка,окраска,геометрия,3D
556129,Италия,Sartoria,Split And Fornace,SASPLO03N,Split Loop Peach Dust Matt,12,23.8,100,шт,матовая,1,0,керамика,1,стены,декор,розовый,none,none,штукатурка,окраска,геометрия,3D
556130,Италия,Sartoria,Split And Fornace,SASPLO04N,Split Loop Red Brick Matt,12,23.8,100,шт,матовая,1,0,керамика,1,стены,декор,красный,none,none,штукатурка,окраска,геометрия,3D
556131,Италия,Sartoria,Split And Fornace,SASPLO05N,Split Loop Lava Smoke Matt,12,23.8,100,шт,матовая,1,0,керамика,1,стены,декор,серый,none,none,штукатурка,окраска,геометрия,3D
556132,Италия,Sartoria,Split And Fornace,SASPLO06N,Split Loop Blue Velvet Matt,12,23.8,100,шт,матовая,1,0,керамика,1,стены,декор,синий,none,none,штукатурка,окраска,геометрия,3D
556133,Италия,Sartoria,Split And Fornace,SASPLO07N,Split Loop Peacock Matt,12,23.8,100,шт,матовая,1,0,керамика,1,стены,декор,синий,none,none,штукатурка,окраска,геометрия,3D
556134,Италия,Sartoria,Split And Fornace,SASPLO08N,Split Loop Evergreen Matt,12,23.8,100,шт,матовая,1,0,керамика,1,стены,декор,зеленый,none,none,штукатурка,окраска,геометрия,3D
556135,Италия,Sartoria,Split And Fornace,SASPLO09N,Split Loop Terracotta Matt,12,23.8,100,шт,матовая,1,0,керамика,1,стены,декор,коричневый,оранжевый,none,штукатурка,окраска,геометрия,3D
556136,Италия,Sartoria,Split And Fornace,SASPLO01G,Split Loop Milk Glossy,12,23.8,100,шт,глянец,1,0,керамика,1,стены,декор,белый,none,none,штукатурка,окраска,геометрия,3D
556137,Италия,Sartoria,Split And Fornace,SASPLO02G,Split Loop Concrete Glossy,12,23.8,100,шт,глянец,1,0,керамика,1,стены,декор,бежевый,none,none,штукатурка,окраска,геометрия,3D
556138,Италия,Sartoria,Split And Fornace,SASPLO03G,Split Loop Peach Dust Glossy,12,23.8,100,шт,глянец,1,0,керамика,1,стены,декор,розовый,none,none,штукатурка,окраска,геометрия,3D
556139,Италия,Sartoria,Split And Fornace,SASPLO04G,Split Loop Red Brick Glossy,12,23.8,100,шт,глянец,1,0,керамика,1,стены,декор,красный,none,none,штукатурка,окраска,геометрия,3D
556140,Италия,Sartoria,Split And Fornace,SASPLO05G,Split Loop Lava Smoke Glossy,12,23.8,100,шт,глянец,1,0,керамика,1,стены,декор,серый,none,none,штукатурка,окраска,геометрия,3D
556141,Италия,Sartoria,Split And Fornace,SASPLO06G,Split Loop Blue Velvet Glossy,12,23.8,100,шт,глянец,1,0,керамика,1,стены,декор,синий,none,none,штукатурка,окраска,геометрия,3D
556142,Италия,Sartoria,Split And Fornace,SASPLO07G,Split Loop Peacock Glossy,12,23.8,100,шт,глянец,1,0,керамика,1,стены,декор,синий,none,none,штукатурка,окраска,геометрия,3D
556143,Италия,Sartoria,Split And Fornace,SASPLO08G,Split Loop Evergreen Glossy,12,23.8,100,шт,глянец,1,0,керамика,1,стены,декор,зеленый,none,none,штукатурка,окраска,геометрия,3D
556144,Италия,Sartoria,Equus,SAEQFI01N,Field Dressage White,9,28,8,м²,матовая,0,0,керамика,2,стены,фон,белый,none,none,штукатурка,окраска,кирпичик,none
556145,Италия,Sartoria,Equus,SAEQFI02N,Field Sculpt Dressage White,9,28,8,м²,матовая,1,0,керамика,2,стены,декор,белый,none,none,штукатурка,окраска,кирпичик,геометрия
556146,Италия,Sartoria,Equus,SAEQFI03N,Field Racetrack Sand,9,28,8,м²,матовая,0,0,керамика,2,стены,фон,бежевый,none,none,штукатурка,окраска,кирпичик,none
556147,Италия,Sartoria,Equus,SAEQFI04N,Field Sculpt Racetrack Sand,9,28,8,м²,матовая,1,0,керамика,2,стены,декор,бежевый,none,none,штукатурка,окраска,кирпичик,геометрия
556148,Италия,Sartoria,Equus,SAEQFI05N,Field Jumper Blue,9,28,8,м²,матовая,0,0,керамика,2,стены,фон,синий,none,none,штукатурка,окраска,кирпичик,none
556149,Италия,Sartoria,Equus,SAEQFI06N,Field Sculpt Jumper Blue,9,28,8,м²,матовая,1,0,керамика,2,стены,декор,синий,none,none,штукатурка,окраска,кирпичик,геометрия
556150,Италия,Sartoria,Equus,SAEQFI07N,Field Hunter Green,9,28,8,м²,матовая,0,0,керамика,2,стены,фон,зеленый,none,none,штукатурка,окраска,кирпичик,none
556151,Италия,Sartoria,Equus,SAEQFI08N,Field Sculpt Hunter Green,9,28,8,м²,матовая,1,0,керамика,2,стены,декор,зеленый,none,none,штукатурка,окраска,кирпичик,геометрия
556152,Италия,Sartoria,Equus,SAEQHO01N,Hoof White Shirt,14,18.5,12,м²,матовая,0,0,керамика,2,стены,фон,белый,none,none,штукатурка,окраска,none,none
556153,Италия,Sartoria,Equus,SAEQHO02MIX,Hoof Sculpt White Shirt,14,18.5,12,м²,микс,1,0,керамика,2,стены,декор,белый,none,none,штукатурка,окраска,геометрия,3D
556154,Италия,Sartoria,Equus,SAEQHO03N,Hoof Tan Breeches,14,18.5,12,м²,матовая,0,0,керамика,2,стены,фон,бежевый,none,none,штукатурка,окраска,none,none
556155,Италия,Sartoria,Equus,SAEQHO04MIX,Hoof Sculpt Tan Breeches,14,18.5,12,м²,микс,1,0,керамика,2,стены,декор,бежевый,none,none,штукатурка,окраска,геометрия,3D
556156,Италия,Sartoria,Equus,SAEQHO05N,Hoof Blue Jacket,14,18.5,12,м²,матовая,0,0,керамика,2,стены,фон,синий,none,none,штукатурка,окраска,none,none
556157,Италия,Sartoria,Equus,SAEQHO06MIX,Hoof Sculpt Blue Jacket,14,18.5,12,м²,микс,1,0,керамика,2,стены,декор,синий,none,none,штукатурка,окраска,геометрия,3D
556158,Италия,Sartoria,Equus,SAEQHO07N,Hoof Black Boots,14,18.5,12,м²,матовая,0,0,керамика,2,стены,фон,черный,none,none,штукатурка,окраска,none,none
556159,Италия,Sartoria,Equus,SAEQHO08MIX,Hoof Sculpt Black Boots,14,18.5,12,м²,микс,1,0,керамика,2,стены,декор,черный,none,none,штукатурка,окраска,геометрия,3D
556160,Италия,Sartoria,Equus,SAEQPA01N,Pave Cremello,16.8,23.3,9,м²,матовая,0,0,керамика,2,стены,фон,бежевый,none,none,штукатурка,окраска,геометрия,none
556161,Италия,Sartoria,Equus,SAEQPA02N,Pave Bay,16.8,23.3,9,м²,матовая,0,0,керамика,2,стены,фон,серый,none,none,штукатурка,окраска,геометрия,none
556162,Италия,Sartoria,Equus,SAEQPA03N,Pave Black,16.8,23.3,9,м²,матовая,0,0,керамика,2,стены,фон,черный,синий,none,штукатурка,окраска,геометрия,none
556163,Италия,Sartoria,Genesi,SAGE0115N,Menta,15,15,8.5,м²,матовая,0,0,керамогранит,2,универсальная,фон,зеленый,none,none,штукатурка,окраска,none,none
556164,Италия,Sartoria,Genesi,SAGE0215N,Verde,15,15,8.5,м²,матовая,0,0,керамогранит,2,универсальная,фон,зеленый,none,none,штукатурка,окраска,none,none
556165,Италия,Sartoria,Genesi,SAGE0315N,Grigio,15,15,8.5,м²,матовая,0,0,керамогранит,2,универсальная,фон,серый,none,none,штукатурка,окраска,none,none
556166,Италия,Sartoria,Genesi,SAGE0415N,Blu,15,15,8.5,м²,матовая,0,0,керамогранит,2,универсальная,фон,синий,none,none,штукатурка,окраска,none,none
556167,Италия,Sartoria,Genesi,SAGE0515N,Beige,15,15,8.5,м²,матовая,0,0,керамогранит,2,универсальная,фон,бежевый,none,none,штукатурка,окраска,none,none
556168,Италия,Sartoria,Genesi,SAGE0615N,Terracotta,15,15,8.5,м²,матовая,0,0,керамогранит,2,универсальная,фон,коричневый,none,none,штукатурка,окраска,none,none
556169,Италия,Sartoria,Genesi,SAGE0715N,Bianco,15,15,8.5,м²,матовая,0,0,керамогранит,2,универсальная,фон,белый,none,none,штукатурка,окраска,none,none
556170,Италия,Sartoria,Genesi,SAGE0152N,Menta,5,25,8.5,м²,матовая,0,0,керамогранит,2,универсальная,фон,зеленый,none,none,штукатурка,окраска,кирпичик,none
556171,Италия,Sartoria,Genesi,SAGE0252N,Verde,5,25,8.5,м²,матовая,0,0,керамогранит,2,универсальная,фон,зеленый,none,none,штукатурка,окраска,кирпичик,none
556172,Италия,Sartoria,Genesi,SAGE0352N,Grigio,5,25,8.5,м²,матовая,0,0,керамогранит,2,универсальная,фон,серый,none,none,штукатурка,окраска,кирпичик,none
556173,Италия,Sartoria,Genesi,SAGE0452N,Blu,5,25,8.5,м²,матовая,0,0,керамогранит,2,универсальная,фон,синий,none,none,штукатурка,окраска,кирпичик,none
556174,Италия,Sartoria,Genesi,SAGE0552N,Beige,5,25,8.5,м²,матовая,0,0,керамогранит,2,универсальная,фон,бежевый,none,none,штукатурка,окраска,кирпичик,none
556175,Италия,Sartoria,Genesi,SAGE0652N,Terracotta,5,25,8.5,м²,матовая,0,0,керамогранит,2,универсальная,фон,коричневый,none,none,штукатурка,окраска,кирпичик,none
556176,Италия,Sartoria,Genesi,SAGE0752N,Bianco,5,25,8.5,м²,матовая,0,0,керамогранит,2,универсальная,фон,белый,none,none,штукатурка,окраска,кирпичик,none
556177,Италия,Sartoria,Genesi,SAGEL0215MIX,Decor Mix Luce Greens,15,15,8.5,м²,матовая,0,0,керамогранит,2,универсальная,декор,зеленый,none,none,штукатурка,окраска,геометрия,пэчворк
556178,Италия,Sartoria,Genesi,SAGEL0415MIX,Decor Mix Luce Blues,15,15,8.5,м²,матовая,0,0,керамогранит,2,универсальная,декор,серый,синий,none,штукатурка,окраска,геометрия,пэчворк
556179,Италия,Sartoria,Genesi,SAGEL0615MIX,Decor Mix Luce Browns,15,15,8.5,м²,матовая,0,0,керамогранит,2,универсальная,декор,бежевый,коричневый,none,штукатурка,окраска,геометрия,пэчворк
556180,Италия,Sartoria,Genesi,SAGEL0715MIX,Decor Mix Luce Rainbow,15,15,8.5,м²,матовая,0,0,керамогранит,2,универсальная,декор,бежевый,зеленый,коричневый,штукатурка,окраска,геометрия,пэчворк
556181,Италия,Sartoria,Genesi,SAGEA0215MIX,Decor Mix Aria Greens,15,15,8.5,м²,матовая,0,0,керамогранит,2,универсальная,декор,зеленый,none,none,штукатурка,окраска,под мозаику,пэчворк
556182,Италия,Sartoria,Genesi,SAGEA0415MIX,Decor Mix Aria Blues,15,15,8.5,м²,матовая,0,0,керамогранит,2,универсальная,декор,серый,синий,none,штукатурка,окраска,под мозаику,пэчворк
556183,Италия,Sartoria,Genesi,SAGEA0615MIX,Decor Mix Aria Browns,15,15,8.5,м²,матовая,0,0,керамогранит,2,универсальная,декор,бежевый,коричневый,none,штукатурка,окраска,под мозаику,пэчворк
556184,Италия,Sartoria,Genesi,SAGEA0715MIX,Decor Mix Aria Rainbow,15,15,8.5,м²,матовая,0,0,керамогранит,2,универсальная,декор,бежевый,коричневый,белый,штукатурка,окраска,под мозаику,пэчворк
556185,Италия,Sartoria,Genesi,SAGET0215MIX,Decor Mix Terra Greens,15,15,8.5,м²,матовая,0,0,керамогранит,2,универсальная,декор,зеленый,none,none,штукатурка,окраска,геометрия,пэчворк
556186,Италия,Sartoria,Genesi,SAGET0415MIX,Decor Mix Terra Blues,15,15,8.5,м²,матовая,0,0,керамогранит,2,универсальная,декор,серый,синий,none,штукатурка,окраска,геометрия,пэчворк
556187,Италия,Sartoria,Genesi,SAGET0615MIX,Decor Mix Terra Browns,15,15,8.5,м²,матовая,0,0,керамогранит,2,универсальная,декор,бежевый,коричневый,серый,штукатурка,окраска,геометрия,пэчворк
556188,Италия,Sartoria,Genesi,SAGET0715MIX,Decor Mix Terra Rainbow,15,15,8.5,м²,матовая,0,0,керамогранит,2,универсальная,декор,бежевый,серый,микс,штукатурка,окраска,геометрия,пэчворк
556189,Италия,Sartoria,Genesi,SAGEQ0215MIX,Decor Mix Acqua Greens,15,15,8.5,м²,матовая,0,0,керамогранит,2,универсальная,декор,зеленый,none,none,штукатурка,окраска,геометрия,пэчворк
556190,Италия,Sartoria,Genesi,SAGEQ0415MIX,Decor Mix Acqua Blues,15,15,8.5,м²,матовая,0,0,керамогранит,2,универсальная,декор,серый,синий,none,штукатурка,окраска,геометрия,пэчворк
556191,Италия,Sartoria,Genesi,SAGEQ0615MIX,Decor Mix Acqua Browns,15,15,8.5,м²,матовая,0,0,керамогранит,2,универсальная,декор,бежевый,коричневый,none,штукатурка,окраска,геометрия,пэчворк
556192,Италия,Sartoria,Genesi,SAGEQ0715MIX,Decor Mix Acqua Rainbow,15,15,8.5,м²,матовая,0,0,керамогранит,2,универсальная,декор,бежевый,серый,none,штукатурка,окраска,геометрия,пэчворк
556193,Италия,Sartoria,Mar,SAMA0120N,Casa Sant'Elena,20,20,10,м²,матовая,1,0,керамогранит,2,универсальная,декор,микс,синий,белый,штукатурка,окраска,геометрия,состаренная
556194,Италия,Sartoria,Mar,SAMA0220N,Casino Di Monsignore,20,20,10,м²,матовая,1,0,керамогранит,2,универсальная,декор,микс,коричневый,синий,штукатурка,окраска,геометрия,состаренная
556195,Италия,Sartoria,Mar,SAMA0320N,Casino Tarricone,20,20,10,м²,матовая,1,0,керамогранит,2,универсальная,декор,белый,синий,none,штукатурка,окраска,геометрия,состаренная
556196,Италия,Sartoria,Mar,SAMA0420N,Casino Gioia,20,20,10,м²,матовая,1,0,керамогранит,2,универсальная,декор,белый,синий,коричневый,штукатурка,окраска,геометрия,состаренная
556197,Италия,Sartoria,Mar,SAMA0520N,Masseria Paolillo,20,20,10,м²,матовая,1,0,керамогранит,2,универсальная,декор,белый,синий,красный,штукатурка,окраска,геометрия,состаренная
556198,Италия,Sartoria,Mar,SAMA0620N,Masseria Schinosa,20,20,10,м²,матовая,1,0,керамогранит,2,универсальная,декор,микс,зеленый,синий,штукатурка,окраска,геометрия,состаренная
556199,Италия,Sartoria,Mar,SAMA0720N,Molo Sant'Antonio,20,20,10,м²,матовая,1,0,керамогранит,2,универсальная,декор,микс,голубой,коричневый,штукатурка,окраска,геометрия,состаренная
556200,Италия,Sartoria,Mar,SAMA0820N,Villa Dragonetti,20,20,10,м²,матовая,1,0,керамогранит,2,универсальная,декор,микс,зеленый,синий,штукатурка,окраска,геометрия,состаренная
556201,Италия,Sartoria,Mar,SAMA20MIXN,Mix All,20,20,10,м²,матовая,1,0,керамогранит,2,универсальная,декор,микс,синий,коричневый,штукатурка,окраска,геометрия,пэчворк
556202,Италия,Sartoria,Materici,SAMAT0162G,Latte,6,25,9.5,м²,глянец,0,0,керамогранит,3,универсальная,фон,белый,бежевый,none,штукатурка,окраска,кирпичик,none
556203,Италия,Sartoria,Materici,SAMAT0262G,Argilla,6,25,9.5,м²,глянец,0,0,керамогранит,3,универсальная,фон,серый,none,none,штукатурка,окраска,кирпичик,none
556204,Италия,Sartoria,Materici,SAMAT0362G,Cannella,6,25,9.5,м²,глянец,0,0,керамогранит,3,универсальная,фон,бежевый,none,none,штукатурка,окраска,кирпичик,none
556205,Италия,Sartoria,Materici,SAMAT0462G,Cedro,6,25,9.5,м²,глянец,0,0,керамогранит,3,универсальная,фон,коричневый,none,none,штукатурка,окраска,кирпичик,none
556206,Италия,Sartoria,Materici,SAMAT0562G,Stagno,6,25,9.5,м²,глянец,0,0,керамогранит,3,универсальная,фон,синий,none,none,штукатурка,окраска,кирпичик,none
556207,Италия,Sartoria,Materici,SAMAT0662G,Foresta,6,25,9.5,м²,глянец,0,0,керамогранит,3,универсальная,фон,зеленый,none,none,штукатурка,окраска,кирпичик,none
556208,Италия,Sartoria,Materici,SAMAT0762G,Visone,6,25,9.5,м²,глянец,0,0,керамогранит,3,универсальная,фон,серый,none,none,штукатурка,окраска,кирпичик,none
556209,Италия,Sartoria,Materici,SAMAT0862G,Pepe,6,25,9.5,м²,глянец,0,0,керамогранит,3,универсальная,фон,черный,none,none,штукатурка,окраска,кирпичик,none
556210,Италия,Sartoria,Materici,SAMAT01Q,Quarter Round Latte,1.3,25,9.5,шт,глянец,0,0,керамогранит,3,универсальная,фон,белый,бежевый,none,штукатурка,окраска,кирпичик,none
556211,Италия,Sartoria,Materici,SAMAT02Q,Quarter Round Argilla,1.3,25,9.5,шт,глянец,0,0,керамогранит,3,универсальная,фон,серый,none,none,штукатурка,окраска,кирпичик,none
556212,Италия,Sartoria,Materici,SAMAT03Q,Quarter Round Cannella,1.3,25,9.5,шт,глянец,0,0,керамогранит,3,универсальная,фон,бежевый,none,none,штукатурка,окраска,кирпичик,none
556213,Италия,Sartoria,Materici,SAMAT04Q,Quarter Round Cedro,1.3,25,9.5,шт,глянец,0,0,керамогранит,3,универсальная,фон,коричневый,none,none,штукатурка,окраска,кирпичик,none
556214,Италия,Sartoria,Materici,SAMAT05Q,Quarter Round Stagno,1.3,25,9.5,шт,глянец,0,0,керамогранит,3,универсальная,фон,синий,none,none,штукатурка,окраска,кирпичик,none
556215,Италия,Sartoria,Materici,SAMAT06Q,Quarter Round Foresta,1.3,25,9.5,шт,глянец,0,0,керамогранит,3,универсальная,фон,зеленый,none,none,штукатурка,окраска,кирпичик,none
556216,Италия,Sartoria,Materici,SAMAT07Q,Quarter Round Visone,1.3,25,9.5,шт,глянец,0,0,керамогранит,3,универсальная,фон,серый,none,none,штукатурка,окраска,кирпичик,none
556217,Италия,Sartoria,Materici,SAMAT08Q,Quarter Round Pepe,1.3,25,9.5,шт,глянец,0,0,керамогранит,3,универсальная,фон,черный,none,none,штукатурка,окраска,кирпичик,none
556218,Италия,Sartoria,Scenari,SASC01612N,1.0 Tropical Paint,60,120,6,м²,матовая,0,1,керамогранит,1,стены,декор,зеленый,желтый,none,штукатурка,окраска,природа,none
556219,Италия,Sartoria,Scenari,SASC02612N,2.0 Camargue,60,120,6,м²,матовая,0,1,керамогранит,1,стены,декор,зеленый,бежевый,none,штукатурка,окраска,природа,none
556220,Италия,Sartoria,Scenari,SASC03612N,3.0 Oh My Green,60,120,6,м²,матовая,0,1,керамогранит,1,стены,декор,зеленый,none,none,штукатурка,окраска,природа,none
556221,Италия,Sartoria,Scenari,SASC04612N,4.0 Boiserie,60,120,6,м²,матовая,0,1,керамогранит,1,стены,декор,зеленый,none,none,штукатурка,окраска,геометрия,none
556222,Италия,Sartoria,Scenari,SASC05612N,5.0 Parrotland,60,120,6,м²,матовая,0,1,керамогранит,1,стены,декор,зеленый,none,none,штукатурка,окраска,природа,none
556223,Италия,Sartoria,Scenari,SASC06612N,6.0 Leaf In Time,60,120,6,м²,матовая,0,1,керамогранит,1,стены,декор,зеленый,none,none,штукатурка,окраска,природа,none
556224,Италия,Sartoria,Scenari,SASC07612N,7.0 Wonder Place,60,120,6,м²,матовая,0,1,керамогранит,1,стены,декор,синий,зеленый,none,штукатурка,окраска,природа,none
556225,Италия,Sartoria,Scenari,SASC08612N,8.0 Blue Shapes,60,120,6,м²,матовая,0,1,керамогранит,1,стены,декор,синий,серый,none,штукатурка,окраска,геометрия,none
556226,Италия,Sartoria,Scenari,SASC09612N,9.0 Glass Factory,60,120,6,м²,матовая,0,1,керамогранит,1,стены,декор,синий,зеленый,none,штукатурка,окраска,кирпичик,под мозаику
556227,Италия,Sartoria,Scenari,SASC10612N,10.0 Dark Moon,60,120,6,м²,матовая,0,1,керамогранит,1,стены,декор,черный,зеленый,none,штукатурка,окраска,природа,none
556228,Италия,Sartoria,Tbrick,SATB0116G,Coconut,5.2,16,10,м²,глянец,0,0,керамика,3,стены,фон,белый,none,none,штукатурка,окраска,кирпичик,none
556229,Италия,Sartoria,Tbrick,SATB0216G,Navy,5.2,16,10,м²,глянец,0,0,керамика,3,стены,фон,синий,none,none,штукатурка,окраска,кирпичик,none
556230,Италия,Sartoria,Tbrick,SATB0316G,Eucalyptus,5.2,16,10,м²,глянец,0,0,керамика,3,стены,фон,зеленый,none,none,штукатурка,окраска,кирпичик,none
556231,Италия,Sartoria,Tbrick,SATB0416G,Apricot,5.2,16,10,м²,глянец,0,0,керамика,3,стены,фон,розовый,none,none,штукатурка,окраска,кирпичик,none
556232,Италия,Sartoria,Tbrick,SATB0516G,Cerulean,5.2,16,10,м²,глянец,0,0,керамика,3,стены,фон,голубой,none,none,штукатурка,окраска,кирпичик,none
556233,Италия,Sartoria,Tbrick,SATB0616G,Sepia,5.2,16,10,м²,глянец,0,0,керамика,3,стены,фон,бежевый,none,none,штукатурка,окраска,кирпичик,none
556234,Италия,Sartoria,Tbrick,SATB0716G,Petroleum,5.2,16,10,м²,глянец,0,0,керамика,3,стены,фон,зеленый,синий,none,штукатурка,окраска,кирпичик,none
556235,Италия,Sartoria,Tbrick,SATB0816G,Rain,5.2,16,10,м²,глянец,0,0,керамика,3,стены,фон,серый,none,none,штукатурка,окраска,кирпичик,none
556236,Италия,Sartoria,Tbrick,SATB0916G,Pink Panther,5.2,16,10,м²,глянец,0,0,керамика,3,стены,фон,розовый,none,none,штукатурка,окраска,кирпичик,none
556237,Италия,Sartoria,Tbrick,SATB1016G,Aquamarine,5.2,16,10,м²,глянец,0,0,керамика,3,стены,фон,зеленый,none,none,штукатурка,окраска,кирпичик,none
556238,Италия,Sartoria,Tbrick,SATB1116G,Seashell,5.2,16,10,м²,глянец,0,0,керамика,3,стены,фон,бежевый,серый,none,штукатурка,окраска,кирпичик,none
556239,Италия,Sartoria,Tbrick,SATB1216G,Shark,5.2,16,10,м²,глянец,0,0,керамика,3,стены,фон,зеленый,серый,none,штукатурка,окраска,кирпичик,none
556240,Италия,Sartoria,Tbrick,SATB01Q,Quarter Round Coconut,1.3,32.1,10,шт,глянец,0,0,керамика,3,стены,бордюр,белый,none,none,штукатурка,окраска,none,none
556241,Италия,Sartoria,Tbrick,SATB02Q,Quarter Round Navy,1.3,32.1,10,шт,глянец,0,0,керамика,3,стены,бордюр,синий,none,none,штукатурка,окраска,none,none
556242,Италия,Sartoria,Tbrick,SATB03Q,Quarter Round Eucalyptus,1.3,32.1,10,шт,глянец,0,0,керамика,3,стены,бордюр,зеленый,none,none,штукатурка,окраска,none,none
556243,Италия,Sartoria,Tbrick,SATB04Q,Quarter Round Apricot,1.3,32.1,10,шт,глянец,0,0,керамика,3,стены,бордюр,розовый,none,none,штукатурка,окраска,none,none
556244,Италия,Sartoria,Tbrick,SATB05Q,Quarter Round Cerulean,1.3,32.1,10,шт,глянец,0,0,керамика,3,стены,бордюр,голубой,none,none,штукатурка,окраска,none,none
556245,Италия,Sartoria,Tbrick,SATB06Q,Quarter Round Sepia,1.3,32.1,10,шт,глянец,0,0,керамика,3,стены,бордюр,бежевый,none,none,штукатурка,окраска,none,none
556246,Италия,Sartoria,Tbrick,SATB07Q,Quarter Round Petroleum,1.3,32.1,10,шт,глянец,0,0,керамика,3,стены,бордюр,зеленый,синий,none,штукатурка,окраска,none,none
556247,Италия,Sartoria,Tbrick,SATB08Q,Quarter Round Rain,1.3,32.1,10,шт,глянец,0,0,керамика,3,стены,бордюр,серый,none,none,штукатурка,окраска,none,none
556248,Италия,Sartoria,Tbrick,SATB09Q,Quarter Round Pink Panther,1.3,32.1,10,шт,глянец,0,0,керамика,3,стены,бордюр,розовый,none,none,штукатурка,окраска,none,none
556249,Италия,Sartoria,Tbrick,SATB10Q,Quarter Round Aquamarine,1.3,32.1,10,шт,глянец,0,0,керамика,3,стены,бордюр,зеленый,none,none,штукатурка,окраска,none,none
556250,Италия,Sartoria,Tbrick,SATB11Q,Quarter Round Seashell,1.3,32.1,10,шт,глянец,0,0,керамика,3,стены,бордюр,бежевый,серый,none,штукатурка,окраска,none,none
556251,Италия,Sartoria,Tbrick,SATB12Q,Quarter Round Shark,1.3,32.1,10,шт,глянец,0,0,керамика,3,стены,бордюр,зеленый,серый,none,штукатурка,окраска,none,none
556252,Италия,Sartoria,Tint,SATI0116N,Blanc,5.2,16,10,м²,матовая,0,0,керамика,3,стены,фон,белый,none,none,штукатурка,окраска,кирпичик,none
556253,Италия,Sartoria,Tint,SATI0216N,Dune,5.2,16,10,м²,матовая,0,0,керамика,3,стены,фон,бежевый,none,none,штукатурка,окраска,кирпичик,none
556254,Италия,Sartoria,Tint,SATI0316N,Fog,5.2,16,10,м²,матовая,0,0,керамика,3,стены,фон,серый,none,none,штукатурка,окраска,кирпичик,none
556255,Италия,Sartoria,Tint,SATI0416N,Sea Glass,5.2,16,10,м²,матовая,0,0,керамика,3,стены,фон,зеленый,серый,none,штукатурка,окраска,кирпичик,none
556256,Италия,Sartoria,Tint,SATI0516N,Garden,5.2,16,10,м²,матовая,0,0,керамика,3,стены,фон,зеленый,none,none,штукатурка,окраска,кирпичик,none
556257,Италия,Sartoria,Tint,SATI0616N,Water,5.2,16,10,м²,матовая,0,0,керамика,3,стены,фон,серый,голубой,none,штукатурка,окраска,кирпичик,none
556258,Италия,Sartoria,Tint,SATI0716N,Ocean,5.2,16,10,м²,матовая,0,0,керамика,3,стены,фон,синий,none,none,штукатурка,окраска,кирпичик,none
556259,Италия,Sartoria,Tint,SATI0816N,Cityscape,5.2,16,10,м²,матовая,0,0,керамика,3,стены,фон,серый,зеленый,none,штукатурка,окраска,кирпичик,none
556260,Италия,Sartoria,Tint,SATI01Q,Quarter Round Blanc,1.3,32.1,10,шт,матовая,0,0,керамика,3,стены,бордюр,белый,none,none,штукатурка,окраска,none,none
556261,Италия,Sartoria,Tint,SATI02Q,Quarter Round Dune,1.3,32.1,10,шт,матовая,0,0,керамика,3,стены,бордюр,бежевый,none,none,штукатурка,окраска,none,none
556262,Италия,Sartoria,Tint,SATI03Q,Quarter Round Fog,1.3,32.1,10,шт,матовая,0,0,керамика,3,стены,бордюр,серый,none,none,штукатурка,окраска,none,none
556263,Италия,Sartoria,Tint,SATI04Q,Quarter Round Sea Glass,1.3,32.1,10,шт,матовая,0,0,керамика,3,стены,бордюр,зеленый,серый,none,штукатурка,окраска,none,none
556264,Италия,Sartoria,Tint,SATI05Q,Quarter Round Garden,1.3,32.1,10,шт,матовая,0,0,керамика,3,стены,бордюр,зеленый,none,none,штукатурка,окраска,none,none
556265,Италия,Sartoria,Tint,SATI06Q,Quarter Round Water,1.3,32.1,10,шт,матовая,0,0,керамика,3,стены,бордюр,серый,голубой,none,штукатурка,окраска,none,none
556266,Италия,Sartoria,Tint,SATI07Q,Quarter Round Ocean,1.3,32.1,10,шт,матовая,0,0,керамика,3,стены,бордюр,синий,none,none,штукатурка,окраска,none,none
556267,Италия,Sartoria,Tint,SATI08Q,Quarter Round Cityscape,1.3,32.1,10,шт,матовая,0,0,керамика,3,стены,бордюр,серый,зеленый,none,штукатурка,окраска,none,none
556268,Италия,Sartoria,Memorie,SAME0113G,Bianco Antico,6.5,13,9,м²,глянец,0,0,керамика,3,стены,фон,белый,none,none,штукатурка,окраска,кирпичик,none
556269,Италия,Sartoria,Memorie,SAME0213G,Merletto,6.5,13,9,м²,глянец,0,0,керамика,3,стены,фон,бежевый,белый,none,штукатурка,окраска,кирпичик,none
556270,Италия,Sartoria,Memorie,SAME0313G,Chiaro Di Luna,6.5,13,9,м²,глянец,0,0,керамика,3,стены,фон,серый,белый,none,штукатурка,окраска,кирпичик,none
556271,Италия,Sartoria,Memorie,SAME0413G,Cinerino,6.5,13,9,м²,глянец,0,0,керамика,3,стены,фон,серый,none,none,штукатурка,окраска,кирпичик,none
556272,Италия,Sartoria,Memorie,SAME0513G,Nuvola,6.5,13,9,м²,глянец,0,0,керамика,3,стены,фон,зеленый,none,none,штукатурка,окраска,кирпичик,none
556273,Италия,Sartoria,Memorie,SAME0613G,Cipria,6.5,13,9,м²,глянец,0,0,керамика,3,стены,фон,розовый,none,none,штукатурка,окраска,кирпичик,none
556274,Италия,Sartoria,Memorie,SAME0713G,Scarlatto,6.5,13,9,м²,глянец,0,0,керамика,3,стены,фон,красный,none,none,штукатурка,окраска,кирпичик,none
556275,Италия,Sartoria,Memorie,SAME0813G,Giada,6.5,13,9,м²,глянец,0,0,керамика,3,стены,фон,зеленый,none,none,штукатурка,окраска,кирпичик,none
556276,Италия,Sartoria,Memorie,SAME0913G,Edera,6.5,13,9,м²,глянец,0,0,керамика,3,стены,фон,зеленый,none,none,штукатурка,окраска,кирпичик,none
556277,Италия,Sartoria,Memorie,SAME1013G,Muschio,6.5,13,9,м²,глянец,0,0,керамика,3,стены,фон,зеленый,none,none,штукатурка,окраска,кирпичик,none
556278,Италия,Sartoria,Memorie,SAME1113G,Oltremare,6.5,13,9,м²,глянец,0,0,керамика,3,стены,фон,зеленый,none,none,штукатурка,окраска,кирпичик,none
556279,Италия,Sartoria,Memorie,SAME1213G,Blu Reale,6.5,13,9,м²,глянец,0,0,керамика,3,стены,фон,зеленый,синий,none,штукатурка,окраска,кирпичик,none
556280,Италия,Sartoria,Memorie,SAME1313G,Topazio,6.5,13,9,м²,глянец,0,0,керамика,3,стены,фон,синий,none,none,штукатурка,окраска,кирпичик,none
556281,Италия,Sartoria,Memorie,SAME1413G,Blu Di Prussia,6.5,13,9,м²,глянец,0,0,керамика,3,стены,фон,зеленый,none,none,штукатурка,окраска,кирпичик,none
556282,Италия,Sartoria,Memorie,SAME01Q,Quarter Round Bianco,1.2,26.1,9,шт,глянец,0,0,керамика,3,стены,бордюр,белый,none,none,штукатурка,окраска,none,none
556283,Италия,Sartoria,Memorie,SAME02Q,Quarter Round Merletto,1.2,26.1,9,шт,глянец,0,0,керамика,3,стены,бордюр,бежевый,белый,none,штукатурка,окраска,none,none
556284,Италия,Sartoria,Memorie,SAME03Q,Quarter Round Chiaro Di Luna,1.2,26.1,9,шт,глянец,0,0,керамика,3,стены,бордюр,серый,белый,none,штукатурка,окраска,none,none
556285,Италия,Sartoria,Memorie,SAME04Q,Quarter Round Cinerino,1.2,26.1,9,шт,глянец,0,0,керамика,3,стены,бордюр,серый,none,none,штукатурка,окраска,none,none
556286,Италия,Sartoria,Memorie,SAME05Q,Quarter Round Nuvola,1.2,26.1,9,шт,глянец,0,0,керамика,3,стены,бордюр,зеленый,none,none,штукатурка,окраска,none,none
556287,Италия,Sartoria,Memorie,SAME06Q,Quarter Round Cipria,1.2,26.1,9,шт,глянец,0,0,керамика,3,стены,бордюр,розовый,none,none,штукатурка,окраска,none,none
556288,Италия,Sartoria,Memorie,SAME07Q,Quarter Round Scarlatto,1.2,26.1,9,шт,глянец,0,0,керамика,3,стены,бордюр,красный,none,none,штукатурка,окраска,none,none
556289,Италия,Sartoria,Memorie,SAME08Q,Quarter Round Giada,1.2,26.1,9,шт,глянец,0,0,керамика,3,стены,бордюр,зеленый,none,none,штукатурка,окраска,none,none
556290,Италия,Sartoria,Memorie,SAME09Q,Quarter Round Edera,1.2,26.1,9,шт,глянец,0,0,керамика,3,стены,бордюр,зеленый,none,none,штукатурка,окраска,none,none
556291,Италия,Sartoria,Memorie,SAME10Q,Quarter Round Muschio,1.2,26.1,9,шт,глянец,0,0,керамика,3,стены,бордюр,зеленый,none,none,штукатурка,окраска,none,none
556292,Италия,Sartoria,Memorie,SAME11Q,Quarter Round Oltremare,1.2,26.1,9,шт,глянец,0,0,керамика,3,стены,бордюр,зеленый,none,none,штукатурка,окраска,none,none
556293,Италия,Sartoria,Memorie,SAME12Q,Quarter Round Blu Reale,1.2,26.1,9,шт,глянец,0,0,керамика,3,стены,бордюр,зеленый,синий,none,штукатурка,окраска,none,none
556294,Италия,Sartoria,Memorie,SAME13Q,Quarter Round Topazio,1.2,26.1,9,шт,глянец,0,0,керамика,3,стены,бордюр,синий,none,none,штукатурка,окраска,none,none
556295,Италия,Sartoria,Memorie,SAME14Q,Quarter Round Blu Di Prussia,1.2,26.1,9,шт,глянец,0,0,керамика,3,стены,бордюр,зеленый,none,none,штукатурка,окраска,none,none
556296,Италия,Sartoria,Decorata,SADEAZ15N,Azzurro,15,15,8.5,м²,матовая,0,0,керамогранит,1,универсальная,фон,голубой,none,none,штукатурка,окраска,none,none
556297,Италия,Sartoria,Decorata,SADEBI15N,Bianco,15,15,8.5,м²,матовая,0,0,керамогранит,1,универсальная,фон,белый,none,none,штукатурка,окраска,none,none
556298,Италия,Sartoria,Decorata,SADEGR15N,Grigio,15,15,8.5,м²,матовая,0,0,керамогранит,1,универсальная,фон,серый,none,none,штукатурка,окраска,none,none
556299,Италия,Sartoria,Decorata,SADE0115N,1,15,15,8.5,м²,матовая,0,0,керамогранит,1,универсальная,декор,серый,белый,none,штукатурка,окраска,геометрия,none
556300,Италия,Sartoria,Decorata,SADE0215N,2,15,15,8.5,м²,матовая,0,0,керамогранит,1,универсальная,декор,серый,черный,белый,штукатурка,окраска,геометрия,none
556301,Италия,Sartoria,Decorata,SADE0315N,3,15,15,8.5,м²,матовая,0,0,керамогранит,1,универсальная,декор,серый,черный,none,штукатурка,окраска,геометрия,none
556302,Италия,Sartoria,Decorata,SADE0415N,4,15,15,8.5,м²,матовая,0,0,керамогранит,1,универсальная,декор,серый,белый,черный,штукатурка,окраска,геометрия,none
556303,Италия,Sartoria,Decorata,SADE0515N,Grigio,15,15,8.5,м²,матовая,0,0,керамогранит,1,универсальная,декор,серый,none,none,штукатурка,окраска,геометрия,none
556304,Италия,Sartoria,Decorata,SADE0615N,6,15,15,8.5,м²,матовая,0,0,керамогранит,1,универсальная,декор,желтый,голубой,none,штукатурка,окраска,геометрия,none
556305,Италия,Sartoria,Decorata,SADE0715N,7,15,15,8.5,м²,матовая,0,0,керамогранит,1,универсальная,декор,желтый,голубой,белый,штукатурка,окраска,геометрия,none
556306,Италия,Sartoria,Decorata,SADE0815N,8,15,15,8.5,м²,матовая,0,0,керамогранит,1,универсальная,декор,серый,розовый,белый,штукатурка,окраска,геометрия,none
556307,Италия,Sartoria,Decorata,SADE0915N,9,15,15,8.5,м²,матовая,0,0,керамогранит,1,универсальная,декор,голубой,серый,белый,штукатурка,окраска,геометрия,none
556308,Италия,Sartoria,Decorata,SADE1015N,10,15,15,8.5,м²,матовая,0,0,керамогранит,1,универсальная,декор,серый,белый,голубой,штукатурка,окраска,геометрия,none
556309,Италия,Sartoria,Decorata,SADE1115N,11,15,15,8.5,м²,матовая,0,0,керамогранит,1,универсальная,декор,серый,черный,белый,штукатурка,окраска,геометрия,none
556310,Италия,Sartoria,Decorata,SADE1215N,12,15,15,8.5,м²,матовая,0,0,керамогранит,1,универсальная,декор,черный,белый,none,штукатурка,окраска,геометрия,none
